	Filename	author.name	title	Year	supergenre	Genre	Subgenre	author.country	author.viaf	author.bne	author.gender	title.main	title.viaf	title.bne	author.name.full	subtitle	availability	subgenre.cligs	genre.analyzed	genre.analyzed.cert	date.file	digital.source	digital.source.format	genre.subtitle	narrator	protagonist.gender	setting.type	form	publication	digital.source.idno	author.continent	authorText.group	authorText.subgroup	protagonist.name	protagonist.age	protagonist.socLevel	protagonist.profession	representation	setting.continent	setting.country	setting.settlement	setting.territory	text.movement	time.period	time.span	authorText.relation	end	time.year	keywords.cert	author.movement	author.submovement	author.date.birth	author.date.death	litHist.literaryQuality	litHist.brow	litHist.audience	author.litHist.pages	author.nonNovelGenre	litHist.pages	author.year.change	setting.settlement.represented.exist	setting.represented	MdLE	CoNSSA	CoNSSA.canon	HdLE	subgenre.lithist.MdLE	subgenre.lithist.HdLE	subgenre.edit.epublibre	subgenre.edit.amazon	subgenre.edit.wikidata	subgenre.edit.esdbpedia	subgenre.subtitle.bne	subgenre.subtitle.first.edition	subgenre.cluster	am.tokens	am.chars	am.divs	am.verses	am.sps	am.paragraphs	am.pds	am.numerals	am.puncts	am.blocks	am.chapters	am.shortStories	am.parts	am.sections	am.divisions	am.lg.poems	am.lg.stanzas	am.saids	am.narrative.ps	am.punctual.ss	len.abstract	am.fts	len.chapters.mean	len.chapters.std	len.chapters.median	len.chapters.iqr	am.conjunctions	am.determiners	am.nouns	am.verbs	am.adverbs	am.adjectives	am.adpositions	am.punctuations	am.pronouns	am.dates	am.numbers	am.interjections	am.ne.persons	am.ne.organizations	am.ne.locations	am.ne.others	am.ss	len.ss.mean	len.ss.std	len.ss.median	len.ss.iqr	am.ss.active.verbs.mean	am.ss.active.verbs.std	am.ss.active.verbs.median	am.ss.active.verbs.iqr	am.ws	am.ws.num.mean	am.ws.num.std	am.ws.num.median	am.ws.num.iqr	am.wnlex.noun.plants	am.wnlex.verb.communications	am.wnlex.noun.foods	am.wnlex.verb.possessions	am.wnlex.verb.cognitions	am.wnlex.noun.communications	am.wnlex.noun.states	am.wnlex.verb.statives	am.wnlex.noun.cognitions	am.wnlex.noun.times	am.wnlex.verb.bodys	am.wnlex.noun.persons	am.wnlex.adj.alls	am.wnlex.noun.quantitys	am.wnlex.noun.phenomenons	am.wnlex.verb.creations	am.wnlex.adj.perts	am.wnlex.adv.alls	am.wnlex.noun.processs	am.wnlex.noun.artifacts	am.wnlex.verb.perceptions	am.wnlex.noun.feelings	am.wnlex.verb.weathers	am.wnlex.noun.substances	am.wnlex.noun.shapes	am.wnlex.verb.competitions	am.wnlex.verb.motions	am.wnlex.noun.animals	am.wnlex.noun.acts	am.wnlex.noun.bodys	am.wnlex.noun.objects	am.wnlex.noun.motives	am.wnlex.verb.socials	am.wnlex.noun.groups	am.wnlex.verb.consumptions	am.wnlex.noun.possessions	am.wnlex.noun.Topss	am.wnlex.noun.relations	am.wnlex.noun.attributes	am.wnlex.verb.emotions	am.wnlex.noun.locations	am.wnlex.noun.events	am.wnlex.verb.contacts	am.wnlex.xxxs	am.wnlex.verb.changes	decade	autobiografía	aventura	biografía	costumbrista	diálogo	educación	episodio nacional	erótica	espiritual	fantástico	filosófica	greguería	guerra	histórica	humor	memorias	modernista	naturalista	nivola	poética	psicológica	realista	social	ficción-literaria	Brow
ne0007	ne0007	Sawa	MujerMundo	1885	narrative	novela	erotic	Spain	59126336.0	XX1137561	male	La mujer de todo el mundo	NaN	NaN	Alejandro Sawa	NaN	free	naturalist,realist,social,erotic	novela	NaN	2015-10-21	#bvmc	html	NaN	heterodiegetic	female	big-city	prose	book	NaN	Europe	NaN	NaN	condesa de Zarzal	mature	high	lord	realistic	Europe	Spain	Z	Castilla	modernista	contemporary	365	none	negative	1883	high	modernism	1-modernista	1862	1909	NaN	NaN	NaN	8	short-stories	0.5	0.0	True	Madrid	True	True	False	True	novela naturalista	novela naturalista	Drama	Ficción clásica ; Europea, Teatro ; Romántica, Romántica, Literatura y ficción	NaN	NaN	NaN	NaN	NaN	38217	222986	24	22	0	591	336	7	8517	633	17	0	0	6	0	3	0	388	255	1630	1312	6	13321.12	5663.39	13420.0	7613.0	2718	6322	8208	6641	2246	2326	6064	7350	3860	20	159	111	345	144	144	88	1081	212.62	262.11	125.0	204.0	2.87	3.17	2.0	3.0	46025	NaN	NaN	NaN	NaN	64	523	36	237	427	545	323	1740	484	322	262	1089	1624	23	93	326	92	769	15	649	288	232	21	76	36	64	467	111	550	432	169	15	368	265	68	58	129	16	566	254	194	219	294	31157	331	1880	0	0	0	0	0	0	0	1	0	0	0	0	0	0	0	0	0	1	0	0	0	1	1	1	low
ne0022	ne0022	Valle	GerifaltesAntano	1909	narrative	novela	historical	Spain	68936773.0	XX1055436	male	Gerifaltes de antaño	178795042	XX1976382	Valle-Inclán, Ramón del	la guerra carlista	free	adventure,realist,social,war-novel,historical	novela	NaN	2014-01-21	#archive	pdf	NaN	heterodiegetic	male	rural	prose	book	NaN	Europe	La guerra carlista	NaN	Manuel Santa Cruz	mature	medium	military personnel	realistic	Europe	Spain	Otaín	Navarra	modernista	contemporary	15	none	positive	NaN	high	modernism	2-modernista	1866	1936	NaN	NaN	NaN	162	theatre	1.2	1920.0	True	Otaín	True	True	False	True	NaN	NaN	Aventuras	 Cristiana, Religión; Sociedad y cultura, Historia, Ficción contemporánea ; Ficción clásica, Ficción contemporánea	NaN	NaN	NaN	NaN	bucólica	24655	142358	34	0	0	1086	617	1	5593	1119	33	0	0	0	0	0	0	617	469	2209	653	0	4481.55	1187.55	4642.0	1428.0	1462	4411	5794	4704	1007	1366	3564	5294	2220	5	127	27	565	125	231	39	1427	102.29	58.82	92.0	72.0	1.94	1.31	2.0	1.0	29981	NaN	NaN	NaN	NaN	18	459	92	121	253	295	110	965	187	141	279	1021	987	18	44	194	24	410	23	584	243	91	30	61	18	55	560	114	346	397	149	5	230	199	61	16	55	2	206	93	175	80	311	20002	257	1900	0	1	0	0	0	0	0	0	1	0	0	0	1	1	0	0	0	0	0	0	0	1	1	1	low
ne0026	ne0026	Zamacois	Incesto	1900	narrative	novela	erotic	Spain	51728159.0	XX1137688	male	Incesto	NaN	XX2930015	Eduardo Zamacois	Novela original	free	realist,sentimental,social,erotic	novela	NaN	2015-10-23	#gutenberg	html	novela	heterodiegetic	female	big-city	prose	book	48654	Europe	NaN	NaN	Mercedes Gómez-Urquijo	young	medium	unknown	realistic	Europe	Spain	Madrid	Castilla	modernista	contemporary	365	low	partial negative	NaN	low	modernism	3-modernista	1873	1971	NaN	NaN	NaN	3	theatre	0.2	0.0	True	Madrid	True	True	False	False	novela erótica	NaN	NaN	Ficción clásica, Ficción clásica	NaN	NaN	novela	novela	NaN	38071	236966	6	16	0	1209	700	1	10227	1230	5	0	0	0	0	7	0	888	509	2080	3	0	48640.6	26570.98	45024.0	31800.0	2457	5884	8408	7302	2235	2876	5339	8369	3533	22	133	89	780	280	154	46	827	296.18	271.82	222.0	269.5	4.75	4.56	4.0	4.0	46647	NaN	NaN	NaN	NaN	21	778	123	257	516	560	316	1331	517	336	310	1108	1936	26	80	247	67	918	12	816	369	229	32	56	25	60	717	62	451	436	82	20	439	161	61	34	98	10	490	341	150	161	347	31126	415	1900	0	0	0	0	0	0	0	1	0	0	0	0	0	0	0	0	0	0	0	0	0	1	1	1	low
ne0039	ne0039	Zamacois	Vagon	1921	narrative	novela	adventure	Spain	51728159.0	XX1137688	male	Memorias de un vagón de ferrocarril	NaN	NaN	Eduardo Zamacois	NaN	free	realist,sentimental,social,adventure	novela	NaN	2015-10-23	#epublibre	epub	memoria	homodiegetic	other	mixed	prose	book	1535	Europe	NaN	NaN	El Cabal	mature	medium	public servant	non-realistic	Europe	Spain	mixed	mixed	vanguardista	contemporary	3650	none	positive	NaN	medium	modernism	3-modernista	1873	1971	NaN	NaN	NaN	3	theatre	0.2	0.0	True	Spain	True	True	False	True	NaN	NaN	Otros	NaN	NaN	NaN	memoria	memoria	NaN	89124	533192	29	0	0	2060	893	1	20384	2088	28	0	0	0	0	0	0	1104	1167	4740	1532	0	19257.75	6742.83	17689.0	8665.5	6170	14548	19229	16848	4972	5581	12276	20222	9070	46	534	93	1119	445	803	159	3614	153.14	122.17	124.0	138.0	2.89	2.41	2.0	3.0	109589	NaN	NaN	NaN	NaN	106	1547	106	604	1025	1133	624	3659	990	766	717	1947	3597	129	235	516	211	1826	79	2004	775	497	109	226	77	130	1780	140	1103	955	334	34	882	580	194	82	288	30	1100	567	511	536	884	74802	1150	1920	0	1	0	0	0	0	0	0	0	0	0	0	0	0	0	1	0	0	0	0	0	1	1	0	low
ne0058	ne0058	Burgos	UltimoContrabandista	1918	narrative	novela	social	Spain	95256735.0	XX1010849	female	El último contrabandista	NaN	XX2927529	Carmen de Burgos	Novela	free	adventure,realist,social	novela	NaN	2018-01-10	#abbyy	html	novela	heterodiegetic	male	small-city	prose	book	NaN	Europe	NaN	NaN	Antonio Olivares	adult	medium	business owner	realistic	Europe	Spain	Almería	Andalucía	NaN	contemporary	365	none	negative	19??	low	avantgarde	3-modernista	1878	1932	NaN	NaN	NaN	2	essay	0.5	0.0	True	Almería	True	True	False	False	NaN	NaN	NaN	NaN	NaN	NaN	novela	novela	NaN	53961	308668	23	0	0	1762	803	7	9333	1785	20	0	0	0	0	0	0	880	959	3260	162	0	15867.35	5543.25	15719.0	5819.25	3468	9231	11845	10492	2496	2640	8063	8715	5683	19	242	49	707	161	278	50	2296	137.24	110.65	111.0	119.0	2.32	2.2	2.0	2.0	62943	NaN	NaN	NaN	NaN	128	739	194	386	554	473	308	2652	449	411	499	1368	2015	43	129	468	32	872	48	1094	489	257	81	188	43	126	1021	199	754	499	488	18	682	434	142	84	142	7	552	292	370	267	559	41823	564	1910	0	1	0	0	0	0	0	0	0	0	0	0	0	0	0	0	0	0	0	0	0	1	1	0	low
ne0090	ne0090	Jarnes	VivianaMerlin	1929	narrative	novela	philosophical	Spain	17339452.0	XX1126572	male	Viviana y Merlín	NaN	bimo0001041989	Benjamín Jarnés	Leyenda	restricted	fantastic,sentimental,philosophical	novela	NaN	2018-01-30	#abbyy	html	Leyenda	homodiegetic	male	rural	prose	book	NaN	Europe	NaN	NaN	Merlín	adult	medium	wizard	non-realistic	Europe	France	Tintagil	?	NaN	middle_ages	365	none	positive	14??	low	avantgarde	vanguardista	1888	1949	NaN	NaN	NaN	16	essay	0.2	0.0	False	France	True	True	False	True	género intermedio	NaN	NaN	Ficción clásica;	NaN	NaN	leyenda	leyenda	bucólica	59186	355902	21	17	0	1083	457	323	12185	1121	14	0	0	0	0	2	0	493	626	3231	708	0	13693.79	3504.63	14509.0	2874.25	1596	5617	7968	5791	1526	2224	4762	6661	2577	10	105	28	630	259	349	56	2003	96.17	71.74	79.0	79.5	1.65	1.3	1.0	1.0	38865	NaN	NaN	NaN	NaN	130	358	112	176	403	446	217	1105	379	258	227	1290	1452	26	99	288	62	631	17	651	246	144	64	117	44	67	572	134	333	460	276	8	379	136	60	22	30	7	338	248	148	123	332	25814	435	1920	0	0	0	0	0	0	0	0	0	1	1	0	0	0	0	0	0	0	0	0	0	0	0	1	low
ne0095	ne0095	Maeztu	GuerraTransvaal	1901	narrative	novela	historical	Spain	34495436.0	XX1003714	male	La guerra del Transvaal y los misterios de la Banca de Londres	NaN	XX2804205	Ramiro de Maeztu	NaN	free	adventure,philosophical,sentimental,historical	novela	NaN	2018-01-16	#abbyy	html	NaN	heterodiegetic	male	big-city	prose	book	NaN	Europe	NaN	NaN	Alejandro Liebeck	adult	medium	military personnel	realistic	Africa	South Africa	Johannesburgo	Johannesburgo	NaN	contemporary	1825	low	neutral	1895	medium	modernism	3-modernista	1874	1936	NaN	NaN	NaN	21	essay	0.5	0.0	True	Johannesburgo	True	True	False	True	NaN	NaN	NaN	 Literatura y ficción, Literatura y ficción	NaN	NaN	NaN	NaN	NaN	185653	1106083	85	3	0	9600	4026	263	40254	9717	50	0	7	16	3	3	0	4301	5574	13064	971	16	22788.08	5809.89	23355.0	7462.0	12565	28239	40338	33148	9282	8351	26930	35815	17629	107	1359	335	5350	1184	1745	414	7329	149.29	150.96	107.0	122.0	2.34	2.52	2.0	2.0	214098	NaN	NaN	NaN	NaN	110	3540	156	1721	2377	2954	1097	8340	1786	1055	1068	5681	5878	262	338	1449	541	2914	74	3847	1157	664	88	401	94	361	2670	311	2709	1434	672	65	2366	1526	429	379	510	52	1645	603	1338	810	1305	145622	1697	1900	0	1	0	0	0	0	0	0	0	0	1	0	0	1	0	0	0	0	0	0	0	0	0	1	low
ne0112	ne0112	Baroja	Aprendiz	1912	narrative	novela	adventure	Spain	36912891.0	XX842743	male	El aprendiz de conspirador	NaN	bimo0000574174	Pío Baroja	NaN	restricted	bildungsroman,historical,memoir,realist,social,adventure	novela	NaN	2016-03-16	#epublibre	epub	memorias	homodiegetic	male	mixed	prose	book	1770	Europe	Memorias de un hombre de acción	NaN	Pedro (de ) Leguía (Pello)	child	medium	?	realistic	Europe	Spain	mixed	mixed	modernista	contemporary	3650	medium	neutral	1812	low	modernism	3-modernista	1872	1956	NaN	NaN	NaN	117	essay	0.5	1912.0	True	Spain	True	True	False	True	memorias	NaN	Aventuras, Histórico	Ficción contemporánea; Literatura y ficción, Literatura y ficción	NaN	NaN	memorias	NaN	NaN	50086	292314	135	58	0	2091	1068	38	10420	2292	34	0	7	89	0	11	0	1169	1023	3288	4169	0	8754.5	3691.27	7843.5	4061.75	2539	6112	8964	6927	1798	1893	5829	8060	3432	38	261	95	1170	249	630	88	1687	135.03	103.27	113.0	109.0	2.57	2.15	2.0	2.0	45948	NaN	NaN	NaN	NaN	26	880	95	203	482	386	163	1797	292	323	325	1146	1360	40	59	279	89	610	18	1111	290	120	29	69	22	97	754	111	432	217	140	10	374	432	98	44	89	20	270	101	255	148	286	31510	346	1910	0	1	0	0	0	1	0	0	0	0	0	0	0	1	0	1	0	0	0	0	0	1	1	1	low
ne0113	ne0113	Carrere	Jorobados	1920	narrative	novela	adventure	Spain	69147939.0	XX1156113	male	La torre de los siete jorobados	NaN	bimo0000729771	Emilio Carrère	NaN	restricted	fantastic,crime-fiction,adventure	novela	NaN	2016-04-19	#epublibre	epub	NaN	heterodiegetic	male	big-city	prose	book	2190	Europe	NaN	NaN	Basilio Beltrán	adult	medium	detective	non-realistic	Europe	Spain	Madrid	Castilla	NaN	contemporary	7	none	positive	?	low	modernism	4-modernista	1872	1947	NaN	NaN	NaN	4	poetry	0.2	0.0	True	Madrid	True	True	False	False	novela policíaca	NaN	Fantástico, Humor, Intriga	Humor, Terror, Ciencia ficción	NaN	NaN	NaN	NaN	NaN	50689	301895	42	16	0	1689	782	12	9600	1738	29	0	3	9	0	4	0	959	907	3705	5331	9	10851.28	3900.91	9863.0	7052.0	2641	9000	11353	9905	2454	3174	7247	9582	4687	32	339	81	846	115	181	60	2859	107.72	79.96	87.0	85.0	1.96	1.56	2.0	2.0	60495	NaN	NaN	NaN	NaN	33	822	75	519	755	624	362	2516	613	331	352	1337	2190	64	124	357	89	953	44	1587	661	225	71	157	67	131	819	123	640	539	204	11	635	246	106	81	127	11	543	189	241	303	497	39582	539	1920	0	1	0	0	0	0	0	0	0	1	0	0	0	0	1	0	0	0	0	0	0	0	0	0	low
ne0118	ne0118	Baroja	Caudillos	1918	narrative	novela	adventure	Spain	36912891.0	XX842743	male	Los caudillos de 1830	NaN	XX2298638	Pío Baroja	NaN	restricted	historical,memoir,realist,social,adventure	novela	NaN	2016-03-16	#epublibre	epub	memorias	homodiegetic	male	rural	prose	book	1795	Europe	Memorias de un hombre de acción	NaN	Eugenio de Aviraneta	adult	medium	mixed	realistic	Europe	Spain	Vera de Bidasoa	Navarra	modernista	contemporary	365	low	neutral	1830	low	modernism	3-modernista	1872	1956	NaN	NaN	NaN	117	essay	0.2	1912.0	True	Vera de Bidasoa	True	True	False	True	memorias	memoria-histórico	Aventuras, Histórico	Ficción contemporánea	NaN	NaN	memorias	NaN	NaN	39416	227883	59	24	0	1592	713	65	7185	1677	42	0	5	11	0	4	0	831	879	2771	1851	0	5670.29	3273.79	5534.5	3908.5	2434	5612	8951	7184	1661	1739	5743	6824	3578	32	243	53	1502	333	868	66	1896	116.58	89.46	97.0	91.25	2.12	1.93	2.0	2.0	44054	NaN	NaN	NaN	NaN	40	896	105	209	512	435	162	2026	304	339	296	1131	1296	66	62	338	83	541	33	759	173	138	24	63	16	79	751	77	468	177	181	9	394	395	110	38	72	14	288	118	240	142	279	29794	381	1910	0	1	0	0	0	0	0	0	0	0	0	0	0	1	0	1	0	0	0	0	0	1	1	1	low
ne0160	ne0160	Trigo	Frio	1906	narrative	novela	erotic	Spain	79060694.0	XX1051062	male	Del frío al fuego	NaN	NaN	Felipe Trigo	Ellas a bordo	free	adventure,sentimental,erotic	novela	NaN	2015-08-19	#bvmc	html	NaN	autodiegetic	male	boat	prose	book	NaN	Europe	NaN	NaN	Andrés Serván	adult	medium	military personnel	realistic	mixed	mixed	mixed	mixed	modernista	contemporary	90	none	partial positive	NaN	high	modernism	2-modernista	1864	1916	NaN	NaN	NaN	13	short-stories	0.2	0.0	True	mixed	True	True	False	False	novela erótica	NaN	NaN	NaN	NaN	NaN	NaN	NaN	NaN	71418	415110	36	33	0	1921	693	37	22015	1984	26	0	0	7	0	10	0	801	1228	5018	1567	7	16380.38	5424.21	15398.0	6315.25	4346	11373	16120	12625	4300	4600	11158	17125	7214	23	367	378	1011	202	456	80	3041	141.42	154.18	90.0	138.0	2.17	2.39	1.0	2.0	89629	NaN	NaN	NaN	NaN	78	996	173	377	848	862	371	3065	638	401	453	1940	3247	72	198	438	194	1292	68	2016	778	429	103	272	97	100	1251	188	881	714	472	27	658	422	120	62	167	21	861	368	398	305	619	61972	616	1900	0	1	0	0	0	0	0	1	0	0	0	0	0	0	0	0	0	0	0	0	0	0	0	0	low
ne0166	ne0166	BlascoIbanez	Reina	1923	narrative	novela	adventure	Spain	73848096.0	XX1028057	male	La reina Calafia	307968037	XX2314759	Vicente Blasco Ibáñez	NaN	free	historical,moralist,symbolic,adventure	novela	NaN	2015-08-13	#epublibre	epub	NaN	heterodiegetic	female	big-city	prose	book	20996	Europe	novelas de aventuras e históricas	NaN	Concha Ceballos	adult	high	business owner	realistic	Europe	Spain	Madrid	Castilla	modernista	contemporary	90	none	partial negative	NaN	low	modernism	2-modernista	1867	1928	NaN	low	NaN	23	short-stories	0.5	1909.0	True	Madrid	True	True	False	False	novelas de aventuras	NaN	Romántico	NaN	NaN	NaN	NaN	NaN	NaN	68878	411699	13	0	0	1258	310	16	9760	1268	10	0	0	2	0	0	0	402	948	3162	917	2	41811.9	9625.4	41263.0	16238.25	3935	12295	16231	11962	3015	4726	11321	9712	5448	18	284	29	1086	271	842	106	2785	150.78	97.07	131.0	110.0	2.01	1.43	2.0	2.0	78976	NaN	NaN	NaN	NaN	56	923	89	521	946	1029	573	2952	808	685	463	2131	3281	60	134	704	255	1077	23	1420	513	421	25	180	42	109	1097	139	988	462	462	14	774	593	108	99	217	46	961	374	661	435	435	51034	655	1920	0	1	0	0	0	0	0	0	0	0	0	0	0	1	0	0	0	0	0	0	0	0	0	0	low
ne0169	ne0169	Serna	Viuda	1917	narrative	novela	erotic	Spain	68929740.0	XX927011	male	La viuda blanca y negra	309346965	XX1998482	Ramón Gómez de la Serna	Novela	restricted	comedy,sentimental,erotic	novela	NaN	2015-11-16	#archive	pdf	novela	heterodiegetic	female	big-city	prose	book	NaN	Europe	primeros relatos	NaN	Rodrigo	adult	medium	?	realistic	Europe	Spain	Madrid	Castilla	modernista	contemporary	90	none	negative	NaN	low	avantgarde	4-modernista	1888	1963	NaN	NaN	NaN	38	essay	0.2	1920.0	True	Madrid	True	True	False	True	NaN	novela erótica	Drama, Humor, Otros	NaN	NaN	NaN	novela	novela	NaN	57286	320336	35	0	0	1678	508	24	9511	1712	34	0	0	0	0	0	0	580	1170	2682	3	0	9529.68	3844.84	9116.5	4850.0	4159	9560	11538	11384	2891	2940	8691	8388	6479	48	135	38	356	85	182	28	1734	189.62	180.76	146.0	133.75	3.44	3.59	3.0	3.0	66251	NaN	NaN	NaN	NaN	64	752	104	385	623	537	391	2903	477	609	440	1091	2098	39	125	390	45	940	19	1887	732	292	61	142	40	85	893	99	700	482	127	9	622	279	145	42	86	23	679	338	228	272	581	44777	597	1910	0	0	0	0	0	0	0	1	0	0	0	0	0	0	1	0	0	0	0	0	0	0	0	0	low
ne0182	ne0182	RBaroja	Submarino	1917	narrative	novela	adventure	Spain	7427586.0	NaN	male	Aventuras del submarino alemán U	7427586	NaN	Ricardo Baroja	Narración de un viaje en sumergible por el: Mediterráneo y el Atlántico	restricted	historical,realist,war-novel,adventure	novela	NaN	2016-02-09	#epublibre	epub	narración	autodiegetic	male	boat	prose	book	3521	Europe	NaN	NaN	unknown	adult	medium	seller	realistic	Europe	mixed	mixed	mixed	modernista	contemporary	150	none	positive	1916	high	modernism	3-modernista	1871	1953	NaN	low	NaN	2	theatre	0.2	0.0	True	Europe	True	True	False	False	novela de aventuras	NaN	Aventuras	NaN	NaN	NaN	narración	narración	bucólica	21608	126070	23	28	0	682	341	41	3971	733	17	0	0	1	0	1	0	385	341	1353	1916	1	6853.94	3148.6	6150.0	2710.0	1162	3493	4314	3632	894	1122	2905	3609	1827	17	127	35	100	67	95	20	909	127.18	103.47	99.0	106.0	2.43	2.11	2.0	2.0	23137	NaN	NaN	NaN	NaN	3	324	55	85	179	244	71	880	143	102	161	448	728	28	78	138	127	284	26	780	241	51	24	147	59	40	416	25	188	171	141	2	207	108	54	15	37	15	174	43	150	120	255	15331	239	1910	0	1	0	0	0	0	0	0	0	0	0	0	1	1	0	0	0	0	0	0	0	1	0	0	low
ne0226	ne0226	Trigo	SiSePorQue	1916	narrative	novela	erotic	Spain	79060694.0	XX1051062	male	Si sé por qué	NaN	bimo0001512021	Felipe Trigo	Novela	free	social,erotic	novela	NaN	2016-09-06	#gutenberg	html	novela	autodiegetic	male	big-city	prose	book	47784	Europe	novelas eróticas	NaN	Alvaro Adamar	adult	medium	?	realistic	America	Argentina	Buenos Aires	Buenos Aires	modernista	contemporary	365	none	neutral	19??	low	modernism	2-modernista	1864	1916	NaN	NaN	NaN	13	short-stories	0.2	0.0	True	Buenos Aires	True	True	False	False	novela erótica	NaN	NaN	NaN	NaN	NaN	novela	novela	NaN	70428	402891	25	0	0	1239	303	8	12853	1265	21	0	3	0	0	0	0	372	936	2975	320	0	19566.67	8570.18	18004.0	8037.0	4980	12452	16004	13006	3739	4302	10226	11575	7142	8	312	139	748	206	392	119	2432	170.46	179.13	117.0	172.0	2.93	3.08	2.0	3.0	83885	NaN	NaN	NaN	NaN	85	745	158	418	828	801	540	2437	1009	502	454	1815	2973	67	140	414	164	1053	25	1469	487	651	43	394	39	79	922	234	1142	530	429	29	845	459	128	112	286	25	1262	400	372	386	542	57458	534	1910	0	0	0	0	0	0	0	1	0	0	0	0	0	0	0	0	0	0	0	0	0	0	1	0	low
ne0232	ne0232	Baroja	Alzate	1922	narrative	novela	dialogue	Spain	36912891.0	XX842743	male	La leyenda de Jaun de Alzate	313768293	NaN	Pío Baroja	NaN	restricted	fantastic,historical,symbolic,dialogue	novela	NaN	2016-03-16	#epublibre	epub	leyenda	dialogue	male	rural	dialogue	book	13045	Europe	Tierra vasca	NaN	Jaun de Alzate	adult	medium	adventurer	neutral	Europe	Spain	Bidasoa	País Vasco	modernista	middle_ages	365	none	negative	?	medium	modernism	3-modernista	1872	1956	NaN	NaN	NaN	117	essay	0.5	1912.0	True	Bidasoa	True	True	False	False	novela dialogada	NaN	Aventuras, Histórico	Ficción clásica; Historia; Literatura y ficción, Literatura y ficción ; Antologías;	NaN	NaN	leyenda	leyenda	bucólica	33688	205240	108	192	1364	1756	4	2	10704	3434	92	0	5	9	0	33	0	0	1752	3203	626	1	2538.38	2429.16	1648.0	2370.0	2229	4533	8812	5494	1731	1709	3883	10249	2853	26	106	208	1214	392	397	977	2914	66.55	68.9	43.0	53.0	1.11	1.3	1.0	1.0	41833	NaN	NaN	NaN	NaN	62	379	121	166	364	339	126	1885	314	191	269	893	1164	32	107	262	74	571	35	529	239	115	25	79	42	41	465	208	296	206	322	9	256	156	114	33	62	11	223	157	190	124	202	30160	215	1920	0	1	0	0	1	0	0	0	0	1	0	0	0	1	0	0	0	0	0	0	0	0	0	1	low
ne0233	ne0233	Baroja	Pilotos	1929	narrative	novela	adventure	Spain	36912891.0	XX842743	male	Los pilotos de altura	NaN	bimo0000574600	Pío Baroja	NaN	restricted	bildungsroman,adventure	novela	NaN	2016-03-18	#epublibre	epub	novela	homodiegetic	male	boat	prose	book	12479	Europe	El mar	NaN	José Chimista	young	medium	seaman	realistic	America	mixed	mixed	mixed	modernista	contemporary	3650	none	neutral	NaN	medium	modernism	3-modernista	1872	1956	NaN	low	NaN	117	essay	0.5	1912.0	True	America	True	True	False	True	novela de aventuras	NaN	Aventuras	Libros de lectura y lectores, Ficción contemporánea;	NaN	NaN	novela	novela	NaN	63615	364902	56	54	0	1787	521	4	11244	1897	46	0	7	0	0	10	0	592	1266	3535	1726	0	7966.96	4943.23	6851.5	6492.25	4346	10363	14965	10277	2524	3114	9628	10810	5295	79	721	83	1046	252	748	95	2900	124.68	76.47	111.0	92.25	2.27	1.64	2.0	2.0	72205	NaN	NaN	NaN	NaN	56	1089	193	558	595	580	279	2216	418	491	424	2203	2013	89	176	539	299	886	31	1831	308	158	37	231	70	118	1202	240	809	476	429	12	663	510	203	128	123	53	477	153	577	273	583	48700	705	1920	0	1	0	0	0	1	0	0	0	0	0	0	0	0	0	0	0	0	0	0	0	0	0	1	low
ne0244	ne0244	Baroja	Ruta	1913	narrative	novela	adventure	Spain	36912891.0	XX842743	male	La ruta del aventurero	NaN	bimo0000574621	Pío Baroja	NaN	restricted	historical,adventure	novela	NaN	2016-03-23	#epublibre	epub	memorias	homodiegetic	male	rural	prose	book	1771	Europe	Memorias de un hombre de acción	NaN	Juan Hipólito Thompson	adult	medium	military personnel	realistic	Europe	Spain	mixed	mixed	modernista	contemporary	760	none	neutral	182?	low	modernism	3-modernista	1872	1956	NaN	NaN	NaN	117	essay	0.2	1912.0	True	Spain	True	True	False	True	memorias	NaN	Aventuras, Histórico	Ficción clásica, Libros en inglés	NaN	NaN	novela, memorias	novela, memorias	NaN	67744	388924	89	15	0	2508	949	48	12269	2625	69	0	5	13	1	5	0	1081	1559	4114	1649	13	5889.16	3129.47	5448.0	3610.0	4828	11621	15676	12000	2854	3673	10188	12037	6369	43	381	103	1239	479	733	270	3033	130.56	95.79	109.0	105.0	2.4	1.96	2.0	2.0	79775	NaN	NaN	NaN	NaN	115	1316	174	469	745	774	309	3022	561	542	533	2098	2653	67	159	573	213	965	33	1954	509	213	68	198	91	94	1376	231	719	345	603	17	588	585	170	114	172	28	623	201	436	253	587	53587	692	1910	0	1	0	0	0	0	0	0	0	0	0	0	0	1	0	1	0	0	0	0	0	0	0	1	low
ne0246	ne0246	Baroja	Venganza	1921	narrative	novela	historical	Spain	36912891.0	XX842743	male	El sabor de la venganza	NaN	bimo0000574626	Pío Baroja	NaN	restricted	adventure,memoir,realist,social,historical	novela	NaN	2016-03-22	#epublibre	epub	memorias	homodiegetic	male	big-city	prose	book	1798	Europe	Memorias de un hombre de acción	NaN	Eugenio de Aviraneta	adult	medium	mixed	realistic	Europe	Spain	Madrid	Castilla	modernista	contemporary	7300	low	neutral	1834	medium	modernism	3-modernista	1872	1956	NaN	NaN	NaN	117	essay	0.2	1912.0	True	Madrid	True	True	False	False	memorias	NaN	Aventuras, Histórico	 Bibliotecas, Ficción clásica, Libros escolares; Literatura y ficción, Literatura y ficción	NaN	NaN	memorias	memorias	NaN	42968	244803	59	25	0	1399	531	48	7640	1598	44	0	6	6	1	2	0	607	868	2429	1959	6	5719.89	3228.31	4689.0	3134.75	3053	6831	9815	7436	1756	2053	6402	7481	4011	48	239	49	1129	492	521	154	1887	129.7	88.81	112.0	103.0	2.32	1.92	2.0	2.0	49174	NaN	NaN	NaN	NaN	20	918	59	299	554	494	241	1998	380	311	386	1704	1561	26	67	346	56	638	20	1273	235	166	20	101	27	82	635	87	560	201	114	11	412	381	113	81	83	10	362	129	237	147	290	32934	405	1920	0	1	0	0	0	0	0	0	0	0	0	0	0	1	0	1	0	0	0	0	0	1	1	1	low
ne0247	ne0247	Baroja	Cronica	1935	narrative	novela	historical	Spain	36912891.0	XX842743	male	Crónica escandalosa	NaN	bimo0000574320	Pío Baroja	NaN	restricted	adventure,memoir,realist,social,historical	novela	NaN	2016-03-23	#epublibre	epub	memorias	homodiegetic	male	big-city	prose	book	1876	Europe	Memorias de un hombre de acción	NaN	Eugenio de Aviraneta	adult	medium	mixed	realistic	Europe	Spain	Madrid	Castilla	modernista	contemporary	2190	none	partial negative	1833	medium	modernism	3-modernista	1872	1956	NaN	NaN	NaN	117	essay	0.2	1912.0	True	Madrid	True	True	False	False	memorias	memoria-histórico	Aventuras, Histórico	Ficción contemporánea	NaN	NaN	memorias	memorias	NaN	48363	279510	83	8	0	1677	920	77	8537	1759	24	0	3	54	0	2	0	1001	757	3145	1290	11	12080.96	6511.04	11553.0	8347.25	2604	5660	8615	6477	1679	1875	5687	6587	3619	51	168	34	1097	255	614	92	1588	136.66	105.69	109.0	106.0	2.43	2.14	2.0	2.0	43056	NaN	NaN	NaN	NaN	13	867	69	235	608	460	204	1833	372	289	292	1584	1294	25	54	250	141	627	15	879	141	118	10	56	9	59	478	58	464	104	50	8	461	392	118	78	82	15	239	132	229	147	186	29011	300	1930	0	1	0	0	0	0	0	0	0	0	0	0	0	1	0	1	0	0	0	0	0	1	1	1	low
ne0264	ne0264	BlascoIbanez	MareNostrum	1918	narrative	novela	historical	Spain	73848096.0	XX1028057	male	Mare nostrum	174700936	NaN	Vicente Blasco Ibáñez	(Novela)	free	adventure,sentimental,war-novel,historical	novela	NaN	2016-06-20	#gutenberg	html	Novela	heterodiegetic	male	big-city	prose	book	23236	Europe	obras de la segunda etapa	NaN	Ulises Ferragut	adult	medium	seaman	realistic	Europe	mixed	mixed	mixed	modernista	contemporary	365	none	negative	1915	low	modernism	2-modernista	1867	1928	NaN	NaN	NaN	23	short-stories	0.2	1909.0	True	Europe	True	True	False	True	novelas de la guerra	novelas de guerra	NaN	 Literatura y ficción; Literatura y ficción, Literatura y ficción;	NaN	NaN	novela	novela	NaN	144816	870605	13	0	0	3057	652	6	26022	3070	12	0	0	0	0	0	0	879	2405	8672	312	0	73896.33	22136.25	74569.0	30239.75	7063	27711	36256	27700	5780	10631	21112	23092	10642	26	547	119	1772	531	1320	192	6697	133.12	86.76	115.0	95.0	2.26	1.64	2.0	2.0	170679	NaN	NaN	NaN	NaN	160	1833	432	1020	1308	1934	958	5511	1371	1176	789	4569	7022	247	479	1444	685	1612	126	3920	1286	891	94	761	236	265	2834	431	2293	1636	1533	44	1471	1121	250	195	472	129	1790	809	1342	918	1298	110439	1541	1910	0	1	0	0	0	0	0	0	0	0	0	0	1	1	0	0	0	0	0	0	0	0	0	1	low
ne0266	ne0266	BlascoIbanez	ParaisoMujeres	1922	narrative	novela	adventure	Spain	73848096.0	XX1028057	male	El paraíso de las mujeres	308019362	NaN	Vicente Blasco Ibáñez	NaN	free	fantastic,sentimental,adventure	novela	NaN	2016-06-20	#gutenberg	html	NaN	heterodiegetic	male	big-city	prose	book	10822	Europe	obras de la segunda etapa	NaN	Edwin Gillespie	adult	medium	researcher	non-realistic	Oceania	Australia	Mildendo	Liliput	modernista	contemporary	365	none	positive	191?	medium	modernism	2-modernista	1867	1928	NaN	low	NaN	23	short-stories	0.2	1909.0	False	Australia	True	True	False	False	novelas de aventuras	NaN	Aventuras	 Ficción clásica, Ciencia ficción, Ciencia ficción; Antologías ; Literaria, Ficción clásica, Romántica; Ficción, Europea, Antologías; Literatura y ficción	NaN	NaN	NaN	NaN	NaN	90183	543474	18	0	0	1781	386	1	12204	1801	16	0	0	0	0	0	0	577	1395	4305	1240	0	33385.12	8453.21	35016.0	9889.0	4752	16449	20126	17363	4073	5685	12284	11501	7056	8	340	41	1029	658	218	162	3750	142.76	81.67	129.0	97.0	2.44	1.68	2.0	2.0	99678	NaN	NaN	NaN	NaN	80	1353	159	607	1119	1385	625	3696	1049	696	480	2781	4248	128	186	763	146	1328	47	1995	611	409	20	231	111	171	1612	249	1300	791	468	28	1170	1215	129	139	338	38	1067	402	570	485	699	63707	846	1920	0	1	0	0	0	0	0	0	0	1	0	0	0	0	0	0	0	0	0	0	0	0	0	1	low
ne0269	ne0269	BlascoIbanez	BuscaKan	1928	narrative	novela	historical	Spain	73848096.0	XX1028057	male	En busca del Gran Kan	307972255	XX1892702	Vicente Blasco Ibáñez	NaN	free	adventure,historical	novela	NaN	2016-06-17	#epublibre	epub	NaN	heterodiegetic	male	boat	prose	book	25362	Europe	obras de la segunda etapa	NaN	Cristóbal Colón	adult	medium	seaman	realistic	mixed	mixed	mixed	mixed	modernista	modern_times	365	none	partial positive	1492	low	modernism	2-modernista	1867	1928	NaN	NaN	NaN	23	short-stories	0.2	1909.0	True	mixed	True	True	False	False	novela histórica	NaN	Histórico	 Literatura y ficción; Antigua y clásica;	NaN	NaN	NaN	NaN	NaN	125631	743450	22	37	0	1936	148	91	15706	1997	18	0	3	0	0	6	0	203	1788	4743	378	0	40532.5	9316.19	39020.0	11722.0	6871	21456	29848	19329	4989	7947	21030	15018	8303	125	756	46	1970	643	1902	272	4433	164.42	95.82	147.0	118.0	1.87	1.33	2.0	1.0	135718	NaN	NaN	NaN	NaN	269	1755	212	954	1340	1477	800	4577	1021	1013	607	3901	5601	220	269	1143	444	1801	52	2147	716	387	52	608	69	132	2191	361	1999	751	1373	18	1190	1121	207	270	318	93	1255	411	1349	533	880	88849	982	1920	0	1	0	0	0	0	0	0	0	0	0	0	0	1	0	0	0	0	0	0	0	0	0	1	low
ne0283	ne0283	Galdos	VueltaNumancia	1906	narrative	novela	historical	Spain	71395987.0	XX1014802	male	La vuelta al mundo en la «Numancia»	182484153	NaN	Benito Pérez Galdós	Episodios nacionales, libro octavo de la serie cuarta	free	adventure,realist,historical	novela	NaN	2016-06-27	#epublibre	epub	episodio nacional	heterodiegetic	male	boat	prose	book	1975	Europe	Episodios nacionales	Episodios nacionales: cuarta serie	Diego Ansúrez	adult	medium	seaman	realistic	mixed	mixed	mixed	mixed	realista	contemporary	730	none	positive	1865	low	realism	realista	1843	1920	NaN	low	NaN	181	theatre	0.2	1889.0	True	mixed	True	True	False	False	episodio nacional	NaN	Histórico	Historias náuticas, Historias cortas, Ficción clásica; Literatura y ficción; Antologías ; Antologías, Antologías; Ficción clásica, Historia, Ficción clásica	NaN	NaN	episodio nacional	episodio nacional	NaN	70677	408463	32	0	0	494	157	53	11196	525	31	0	0	0	0	0	0	227	337	2533	523	0	13291.23	2770.25	13822.0	1936.5	5320	11562	17723	11630	3197	4360	10941	11092	5744	49	337	52	1810	719	839	249	2338	179.49	134.17	148.0	131.0	2.78	2.42	2.0	2.0	82007	NaN	NaN	NaN	NaN	42	1098	149	473	746	1071	544	2716	811	420	395	1856	2832	95	167	482	255	973	64	1462	433	317	56	240	51	126	1147	275	1182	486	517	40	830	576	185	126	215	82	828	278	577	413	541	55193	642	1900	0	1	0	0	0	0	1	0	0	0	0	0	0	1	0	0	0	0	0	0	0	1	0	1	low
ne0284	ne0284	Galdos	Amadeo	1910	narrative	novela	adventure	Spain	71395987.0	XX1014802	male	Amadeo I	179444510	XX5588016	Benito Pérez Galdós	Episodios nacionales: Libro tercero de la serie quinta	free	fantastic,historical,sentimental,adventure	novela	NaN	2016-06-28	#epublibre	epub	episodio nacional	autodiegetic	male	big-city	prose	book	2014	Europe	Episodios nacionales	Episodios nacionales: quinta serie	Proteo (Tito) Liviano	adult	medium	journalist	non-realistic	Europe	Spain	Madrid	Castilla	realista	contemporary	730	none	neutral	1871	medium	realism	realista	1843	1920	NaN	low	NaN	181	theatre	0.2	1889.0	True	Madrid	True	True	False	True	episodio nacional	NaN	Histórico	Ficción clásica, Ficción histórica, Ficción por género; Edad moderna hasta el siglo XX, Historia social y cultural, Historia	NaN	NaN	episodio nacional	episodio nacional	NaN	73138	423024	29	0	0	524	130	80	11764	552	28	0	0	0	0	0	0	179	394	3017	718	0	15245.29	4174.02	15826.0	4380.5	5191	11376	17595	12135	3158	4950	11001	11661	6736	39	365	84	1884	772	879	360	2846	152.53	117.3	125.0	122.75	2.38	1.93	2.0	2.0	84291	NaN	NaN	NaN	NaN	47	1329	166	461	835	1342	481	2669	1014	541	430	2042	3153	101	116	524	290	997	46	1391	504	276	45	158	41	137	1117	152	1117	486	212	49	792	656	196	124	247	38	796	343	424	328	521	56901	656	1910	0	1	0	0	0	0	1	0	0	1	0	0	0	1	0	0	0	0	0	0	0	0	0	1	low
ne0285	ne0285	Galdos	Republica	1911	narrative	novela	adventure	Spain	71395987.0	XX1014802	male	La Primera República	179444510	XX2127950	Benito Pérez Galdós	Episodios nacionales: Libro cuarto de la serie quinta	free	fantastic,historical,sentimental,adventure	novela	NaN	2016-06-28	#epublibre	epub	episodio nacional	autodiegetic	male	small-city	prose	book	2015	Europe	Episodios nacionales	Episodios nacionales: quinta serie	Proteo (Tito) Liviano	adult	medium	journalist	non-realistic	Europe	Spain	Cartagena	Murcia	realista	contemporary	365	none	neutral	1873	medium	realism	realista	1843	1920	NaN	low	NaN	181	theatre	0.2	1889.0	True	Cartagena	True	True	False	False	episodio nacional	NaN	Histórico	Historia, Ficción contemporánea; Ficción clásica, Ficción histórica, Ficción por género; Política; Antologías; Ficción, Europea, Antologías ; Edad moderna hasta el siglo XX, Historia social y cultural, Historia; Ficción clásica, Historia, Ficción clásica; Edad moderna hasta el siglo XX, Historia social y cultural, Historia;	NaN	NaN	episodio nacional	episodio nacional	NaN	67946	398232	30	0	0	696	226	76	10926	725	29	0	0	0	0	0	0	303	470	3091	554	0	13892.79	4183.73	15144.0	4596.0	4539	10668	16080	11564	2961	4406	10287	10837	6516	84	300	82	1691	929	801	243	2841	143.66	103.23	122.0	110.0	2.28	1.7	2.0	2.0	78324	NaN	NaN	NaN	NaN	46	1225	158	450	723	1160	425	2433	753	515	377	1711	2797	119	114	477	275	986	44	1382	550	244	53	128	34	135	1183	174	1027	455	252	31	740	654	148	66	217	30	826	297	472	248	550	53012	628	1910	0	1	0	0	0	0	1	0	0	1	0	0	0	1	0	0	0	0	0	0	0	0	0	1	low
ne0286	ne0286	Galdos	Canovas	1912	narrative	novela	adventure	Spain	71395987.0	XX1014802	male	Cánovas	179444510	XX2127841	Benito Pérez Galdós	Episodios nacionales, libro sexto de la serie quinta	free	fantastic,historical,sentimental,adventure	novela	NaN	2016-06-28	#epublibre	epub	episodio nacional	autodiegetic	male	big-city	prose	book	2017	Europe	Episodios nacionales	Episodios nacionales: quinta serie	Proteo (Tito) Liviano	adult	medium	journalist	non-realistic	Europe	Spain	Madrid	Castilla	realista	contemporary	730	none	neutral	1878	medium	realism	realista	1843	1920	NaN	low	NaN	181	theatre	0.2	1889.0	True	Madrid	True	True	False	False	episodio nacional	NaN	Histórico	Literaria, Ficción clásica, Ficción histórica ; Antologías ; Edad moderna hasta el siglo XX, Historia social y cultural, Historia; Historia, Historia	NaN	NaN	episodio nacional	episodio nacional	NaN	64407	380135	29	0	0	688	257	114	9698	716	28	0	0	0	0	0	0	339	431	2571	1648	0	13745.93	4918.97	15242.0	6699.75	4253	10262	15414	10205	2761	4724	9881	9616	5526	82	254	91	1819	788	876	326	2302	169.09	118.63	145.0	127.0	2.43	1.85	2.0	2.0	73069	NaN	NaN	NaN	NaN	43	1118	97	450	769	1131	448	2182	849	569	372	1609	2937	64	93	467	253	1046	22	1186	382	235	31	97	26	89	910	132	1045	356	148	26	724	510	147	117	235	40	758	220	333	296	411	49525	571	1910	0	1	0	0	0	0	1	0	0	1	0	0	0	1	0	0	0	0	0	0	0	0	0	1	low
ne0318	ne0318	Trigo	MediaNaranja	1910	narrative	novela	erotic	Spain	79060694.0	XX1051062	male	Mi media naranja	NaN	XX2859668	Felipe Trigo	NaN	free	social,erotic	novela	NaN	2016-09-06	#bvmc	html	NaN	autodiegetic	male	big-city	prose	book	NaN	Europe	novelas eróticas	NaN	Aurelio Ortega y Sánchez de León	adult	medium	?	realistic	Europe	Spain	Madrid	Castilla	modernista	contemporary	90	none	negative	19??	low	modernism	2-modernista	1864	1916	NaN	NaN	NaN	13	short-stories	0.2	0.0	True	Madrid	True	True	False	False	novela erótica	NaN	NaN	NaN	NaN	NaN	NaN	NaN	bucólica	15202	85996	14	6	0	645	176	0	5292	665	11	0	2	0	0	2	0	208	469	1273	3	0	8204.36	3642.41	8383.0	6463.5	1168	2472	3188	3007	959	902	1933	4383	1643	12	62	84	217	45	58	17	939	94.99	104.72	65.0	91.0	1.86	2.02	1.0	1.0	19813	NaN	NaN	NaN	NaN	17	190	62	79	186	132	93	772	149	103	139	456	635	13	28	76	22	309	7	410	101	94	5	25	2	13	228	18	202	161	57	8	152	76	74	16	61	7	244	122	34	51	117	13983	84	1910	0	0	0	0	0	0	0	1	0	0	0	0	0	0	0	0	0	0	0	0	0	0	1	0	low
ne0336	ne0336	Poncela	AmorHache	1929	narrative	novela	erotic	Spain	76354919.0	XX1719708	male	Amor se escribe sin hache	NaN	bimo0001041714	Enrique Jardiel Poncela	Novela casi cosmopolita	restricted	comedy,erotic	novela	NaN	2017-08-25	#abbyy	html	novela casi cosmopolita	heterodiegetic	male	big-city	prose	book	NaN	Europe	NaN	NaN	Sylvia Brums	adult	high	lord	realistic	mixed	mixed	mixed	mixed	NaN	contemporary	?	none	neutral	192?	medium	avantgarde	vanguardista	1901	1952	NaN	NaN	NaN	49	theatre	0.2	0.0	True	mixed	True	True	False	True	novela erótica	NaN	Humor	NaN	NaN	NaN	novela casi cosmopolita	novela casi cosmopolita	NaN	80454	471567	162	19	0	3773	1488	261	19063	4053	13	0	3	104	0	5	0	1746	2285	5855	604	24	32600.31	14810.54	30023.0	8600.0	4567	10568	16883	12910	3292	3490	9998	15482	6527	68	796	189	2261	397	758	214	3367	125.98	124.65	90.0	119.0	2.22	2.3	2.0	2.0	84792	NaN	NaN	NaN	NaN	71	1552	182	624	770	1013	320	3009	550	604	506	1820	2451	171	110	548	157	1184	52	1775	424	330	69	240	42	129	1081	218	824	760	307	28	680	290	152	85	173	25	625	382	321	319	676	58389	753	1920	0	0	0	0	0	0	0	1	0	0	0	0	0	0	1	0	0	0	0	0	0	0	0	0	low
ne0354	ne0354	Serna	Acueducto	1922	narrative	novela	fantastic	Spain	68929740.0	XX927011	male	El secreto del Acueducto	NaN	XX2499137	Ramón Gómez de la Serna	NaN	restricted	sentimental,fantastic	novela	NaN	2017-12-07	#abbyy	html	NaN	homodiegetic	male	small-city	prose	book	NaN	Europe	novelas de plenitud	Comienzos de la etapa de plenitud	Pablo	adult	high	lord	non-realistic	Europe	Spain	Segovía	Castilla	NaN	contemporary	NaN	none	?	19??	medium	avantgarde	4-modernista	1888	1963	NaN	NaN	NaN	38	essay	0.2	1920.0	True	Segovía	True	True	False	True	NaN	NaN	NaN	NaN	NaN	NaN	NaN	NaN	bucólica	44906	254645	30	6	0	1472	445	59	6881	1509	24	0	0	3	0	3	0	358	1027	2289	696	3	10868.21	5576.82	10398.5	8114.0	3068	8044	9988	7962	1973	2601	6759	6251	4156	29	143	20	520	232	260	76	1490	173.38	169.76	126.5	139.75	3.04	3.04	2.0	3.0	50994	NaN	NaN	NaN	NaN	54	532	188	325	398	395	231	2152	364	677	353	770	1866	54	108	316	62	742	21	1452	625	167	27	180	42	55	667	160	489	413	408	6	395	218	145	33	78	16	509	171	357	210	444	33610	509	1920	0	0	0	0	0	0	0	0	0	1	0	0	0	0	0	0	0	0	0	0	0	0	0	0	low
ne0017	ne0017	Valle	FlordeSantidad	1904	narrative	novela	social	Spain	68936773.0	XX1055436	male	Flor de santidad	206861048	XX2215970	Valle-Inclán, Ramón del	Historia milenaria	free	fantastic,modernist,naturalist,sentimental,social,spiritual	novela		2014-09-06	#archive	pdf	historia	heterodiegetic	female	rural	prose	book		Europe			Adega	young	low	beggar	realistic	Europe	Spain	Brandeso	Galicia	modernista	modern_times	30	none	negative		high	modernism	2-modernista	1866	1936	high	high	elite	162	theatre	3.0	1920.0	True	Brandeso	True	True	True	True			Drama	Ficción clásica; Antigua y clásica ; Europea ; Español y Portugués, Literatura española, Ficción contemporánea;			historia	historia	bucólica	19489	113981	33	14	0	700	451	27	4290	746	26	0	5	0	0	1	4	451	249	1591	587	0	4521.12	1069.79	4394.5	1318.75	1169	3756	4842	3492	637	1361	2882	3927	1314	3	86	46	167	164	66	26	865	134.27	94.25	112.0	101.0	2.32	1.77	2.0	2.0	23515					64	248	85	96	134	186	76	613	99	170	199	584	860	11	74	128	41	273	33	386	219	40	45	99	23	16	456	254	175	350	235	2	213	86	37	22	33	0	180	56	145	83	272	15891	223	1900	0	0	0	0	0	0	0	0	1	1	0	0	0	0	0	0	1	1	0	0	0	0	1	1	high
ne0021	ne0021	Valle	ResplandorHoguera	1909	narrative	novela	historical	Spain	68936773.0	XX1055436	male	El resplandor de la hoguera	314167748	XX3384448	Valle-Inclán, Ramón del	La guerra carlista	free	adventure,realist,social,war-novel,historical	novela		2015-01-12	#archive	pdf		heterodiegetic	male	rural	prose	book		Europe	La guerra carlista		Cara de Plata	adult	medium	military personnel	realistic	Europe	Spain	Otaín	Navarra	modernista	contemporary	15	none	negative		high	modernism	2-modernista	1866	1936	high	high	elite	162	theatre	1.0	1920.0	True	Otaín	True	True	True	True			Aventuras	Ficción clásica, Ficción contemporánea; Ficción clásica					bucólica	25335	145911	25	16	0	1336	797	0	6372	1376	24	0	0	0	0	4	0	798	539	2494	482	0	6366.58	1357.2	6187.0	1370.0	1465	4815	6139	4779	988	1249	3656	5910	2138	6	136	79	529	79	112	16	1440	104.24	65.04	93.0	77.0	2.02	1.43	2.0	2.0	31360					27	425	69	139	219	227	106	935	108	124	283	1006	883	24	58	185	22	361	67	705	291	59	41	52	19	67	622	157	346	441	168	3	217	176	57	11	35	1	257	53	134	80	323	21476	301	1900	0	1	0	0	0	0	0	0	0	0	0	0	1	1	0	0	0	0	0	0	0	1	1	1	high
ne0038	ne0038	RBaroja	NaoCapitana	1935	narrative	novela	adventure	Spain	7427586.0		male	La nao «Capitana»		XX1879847	Ricardo Baroja	Cuento español del mar antiguo	restricted	historical,adventure	novela		2017-12-15	#abbyy	html	cuento	heterodiegetic	male	boat	prose	book		Europe	última etapa		Diego Ruiz de Arcaute	adult	medium	seaman	realistic	mixed	mixed	mixed	mixed		modern_times	?	none	?	17??	low	modernism	3-modernista	1871	1953	high	low		2	theatre	0.5	0.0	True	mixed	True	True	False	False	novela de aventuras			Ficción histórica, Ficción por género			cuento	cuento		54995	316922	45	133	0	2409	1317	12	12387	2547	40	0	0	1	0	21	0	1427	1092	3820	476	1	8205.22	8342.36	5979.5	6879.0	3247	9400	13388	10321	2533	2698	8166	11689	4672	5	295	172	1227	289	327	125	2464	131.36	108.79	104.5	111.0	2.36	2.25	2.0	2.0	66586					35	1054	83	303	618	553	248	2443	305	326	355	2065	1926	54	183	356	118	878	28	1605	457	127	56	236	67	114	1191	187	595	680	368	13	584	273	89	19	110	47	364	228	310	242	675	45374	643	1930	0	1	0	0	0	0	0	0	0	0	0	0	0	1	0	0	0	0	0	0	0	0	0	0	high
ne0068	ne0068	Baroja	ArbolCiencia	1911	narrative	novela	bildungsroman	Spain	36912891.0	XX842743	male	El árbol de la ciencia	174951407	XX1879767	Pío Baroja	La Raza (3)	restricted	modernist,philosophical,realist,sentimental,social,bildungsroman	novela		2015-07-22	#epublibre	epub		heterodiegetic	male	mixed	prose	book	2517	Europe	la raza		Andrés Hurtado	young	medium	doctor	realistic	Europe	Spain	mixed	mixed	modernista	contemporary	1825	medium	negative		high	modernism	3-modernista	1872	1956	high	high	elite	117	essay	6.0	1912.0	True	Spain	True	True	True	True		bildungsroman	Otros	Bibliotecas, Ficción clásica, Libros escolares; Ficción clásica, Acción y aventura, Ficción por género ; Literatura y ficción, Literatura y ficción; Historias cortas, Ficción contemporánea		Novela				63017	363627	66	0	0	2496	1118	0	12186	2556	53	0	7	5	0	0	0	1280	1378	4090	882	5	7100.28	2709.03	7099.0	3370.0	4314	10336	14389	11521	3242	3654	9123	12131	6076	109	288	124	1574	236	457	89	2867	129.41	92.45	109.0	102.0	2.46	1.98	2.0	2.0	75307					71	1317	219	377	923	689	384	3125	1033	502	651	2615	2656	53	109	563	181	1039	36	1496	420	294	33	130	54	77	933	189	694	353	244	41	630	576	241	117	204	21	788	271	264	290	439	49342	623	1910	0	1	0	0	0	1	0	0	0	0	1	0	0	0	0	0	1	0	0	0	0	1	1	1	high
ne0074	ne0074	Unamuno	Manuel	1931	narrative	novela	philosophical	Spain	88844103.0	XX1139151	male	San Manuel Bueno, mártir	183802569	XX2213110	Miguel de Unamuno		free	social,spiritual,philosophical	novela		2015-07-22	#epublibre	epub		homodiegetic	male	rural	prose	book	6067	Europe	nivola		Manuel Bueno	adult	medium	religious	realistic	Europe	Spain	Valverde de Lucerna	Castilla	modernista	contemporary	3650	low	negative		high	modernism	2-modernista	1864	1936	high	high		167	essay	8.0	1901.0	True	Sanabria	True	True	True	True	nivola		Drama	Aprendizaje y enseñanza de idiomas, Ficción clásica, Ficción contemporánea; Antigua y clásica, Ficción contemporánea; Clásicos, Religiosa y espiritual, Clásicos; Ficción religiosa y espiritual, Religiosa y espiritual, Ficción clásica; Infantil; Europea, Antologías; Biográfica, Historias cortas, Ficción clásica; Español y Portugués, Literatura española, Aprendizaje y enseñanza de idiomas; Historia de la religión, Antigua y clásica, Ficción clásica; Hispanoamericana, Ficción clásica, Ficción clásica; Hispanoamericana, Ficción clásica, Ficción clásica; Ficción clásica, Ficción contemporánea; Historia, teoría literaria y crítica, Sociedad y cultura, Infantil;					bucólica	13904	75536	13	31	0	295	165	10	3066	329	10	0	0	0	0	2	0	207	130	708	868	0	6781.9	4217.75	5501.5	2761.25	1198	1843	2236	2400	698	443	1811	2788	1684	2	29	22	273	42	39	13	491	140.46	124.41	101.0	130.0	2.58	2.48	2.0	2.0	15154					3	306	6	67	254	136	57	618	128	78	101	450	309	2	6	109	17	228	1	115	88	35	10	21	4	15	140	9	113	68	127	4	123	113	8	5	40	1	110	70	117	76	51	10672	143	1930	0	0	1	0	0	0	0	0	1	0	1	0	0	1	0	0	0	0	1	0	0	0	1	1	high
ne0075	ne0075	Bazan	Tribuna	1883	narrative	novela	bildungsroman	Spain	51699645.0	XX1104029	female	La Tribuna	304851934		Emilia Pardo Bazán		free	historical,naturalist,realist,sentimental,social,bildungsroman	novela		2015-07-01	#bvmc	html		heterodiegetic	female	small-city	prose	book		Europe	novelas naturalistas	primeras novelas naturalistas	Amparo	young	low	worker	realistic	Europe	Spain	Marineda	Galicia	naturalista	contemporary	1825	none	negative		high	realism	naturalista	1851	1921	high	high		45	short-stories	1.0	1888.0	True	La Coruña	True	True	True	True		novela naturalista	Realista	Ficción clásica, Ficción contemporánea; Ficción clásica; Ficción clásica; Literatura y ficción, Literatura y ficción; Literatura y ficción, Literatura y ficción; Política, Ficción clásica, Ficción histórica						65034	380965	40	19	0	1147	771	7	15193	1205	38	0	0	0	0	7	0	926	376	3410	2413	0	10044.58	3087.04	9348.0	3260.25	4807	10229	14972	11284	3383	4063	9447	13046	5942	21	311	207	1078	384	301	68	2135	181.14	138.95	151.0	166.0	2.94	2.54	2.0	3.0	77712					147	1152	247	476	622	772	346	2161	501	446	460	1511	2650	74	172	495	109	1173	42	1978	607	219	103	266	62	87	1061	207	767	887	241	28	562	513	188	97	134	19	704	245	346	321	713	53070	730	1880	0	0	0	0	0	1	0	0	0	0	0	0	0	1	0	0	0	1	0	0	0	1	1	1	high
ne0082	ne0082	Bazan	Piedra	1891	narrative	novela	philosophical	Spain	51699645.0	XX1104029	female	La piedra angular	309306988	XX2120604	Emilia Pardo Bazán		free	moralist,naturalist,realist,social,philosophical	novela		2015-07-03	#bvmc	html		heterodiegetic	male	small-city	prose	book		Europe	novelas naturalistas		Arturo Cáñamo	adult	medium	doctor	realistic	Europe	Spain	Marineda	Galicia	naturalista	contemporary	365	none	negative		medium	realism	naturalista	1851	1921	high	high		45	short-stories	1.0	1888.0	True	La Coruña	True	True	True	True	novela de tesis									51991	305837	20	6	0	727	424	1	13123	751	18	0	0	0	0	2	0	580	303	2751	1034	0	17222.72	4229.87	16903.0	3068.25	3951	8273	11769	9324	2971	3209	7747	11025	5017	72	233	128	973	313	217	72	1846	171.53	157.03	128.0	170.0	2.76	2.57	2.0	3.0	63719					49	1044	79	384	599	689	317	1843	609	341	469	1505	2100	41	133	363	121	995	22	1170	396	238	50	177	44	119	760	156	780	541	238	39	611	387	112	60	196	11	660	200	262	258	526	43527	496	1890	0	0	0	0	0	0	0	0	0	0	1	0	0	0	0	0	0	1	0	0	0	1	1	0	high
ne0104	ne0104	Cansinos	MovimientoVP	1921	narrative	novela	comedy	Spain	29547307.0	XX875186	male	El movimiento V. P.			Rafael Cansinos-Asséns	Novela	restricted	historical,memoir,symbolic,comedy	novela		2017-12-15	#abbyy	html		heterodiegetic	male	big-city	prose	book		Europe			Poeta Maldito	adult	medium	writer	realistic	Europe	Spain	Madrid	Madrid		contemporary		high	?	191?	low	avantgarde	4-modernista	1883	1964	high			6	essay	0.2	0.0	True	Madrid	True	True	False	True		novela satírica		Ficción contemporánea					bucólica	62727	375112	48	17	0	994	591	29	11527	1073	30	0	0	13	0	2	0	806	403	3645	261	13	11838.6	5625.37	11114.0	3949.5	4032	10758	13146	9692	3078	4706	7712	10075	4727	16	168	192	839	482	224	178	2713	131.79	117.7	98.0	112.0	1.98	1.79	2.0	2.0	68308					103	1028	105	280	600	1313	370	2824	640	648	424	1909	3029	39	79	555	270	1315	14	1096	387	201	29	115	39	80	436	255	695	469	207	30	640	398	114	53	164	62	672	219	246	222	350	45094	490	1920	0	0	0	0	0	0	0	0	0	0	0	0	0	1	1	1	0	0	0	0	0	0	0	1	high
ne0116	ne0116	Baroja	Camino	1902	narrative	novela	bildungsroman	Spain	36912891.0	XX842743	male	Camino de perfección	181655861	XX1879773	Pío Baroja	pasión mística	restricted	modernist,philosophical,realist,sentimental,social,spiritual,symbolic,bildungsroman	novela		2016-03-07	#epublibre	epub		homodiegetic	male	mixed	prose	book	2350	Europe	la vida fantástica		Fernando Ossorio	young	medium	doctor	realistic	Europe	Spain	mixed	mixed	social-realista	contemporary	1460	medium	positive	18??	high	modernism	3-modernista	1872	1956	high	high		117	essay	3.0	1912.0	True	Spain	True	True	True	True		bildungsroman	Drama, Psicológico	Ficción clásica, Ficción contemporánea; Ficción clásica ; Historia; Ficción contemporánea ; Biografías y autobiografías, Historia; Ficción contemporánea						60401	347516	73	14	0	2050	812	0	11805	2124	60	0	0	12	0	4	0	916	1238	3442	801	12	5988.67	3036.2	5682.0	4026.5	3890	10053	13926	10879	2759	3913	9602	11796	5295	27	324	107	967	176	359	85	2568	138.8	105.72	111.0	121.0	2.46	2.04	2.0	2.0	72571					182	997	132	264	635	542	265	2460	609	456	499	1499	2893	61	214	473	147	910	45	2215	743	215	107	240	66	104	1319	238	582	508	624	18	442	524	128	60	166	14	654	237	440	224	635	48041	744	1900	1	0	1	0	0	1	0	0	1	0	1	0	0	0	0	0	1	0	0	0	1	1	1	1	high
ne0135	ne0135	Clarin	Hijo	1891	narrative	novela	realist	Spain	17218138.0	XX922976	male	Su único hijo	211738325	XX1851798	Alas, Leopoldo		free	naturalist,sentimental,realist	novela		2015-08-13	#bvmc	html		heterodiegetic	male	small-city	prose	book		Europe			Bonifacio Reyes	adult	medium	artist	realistic	Europe	Spain	unknown	Asturias	naturalista	contemporary	365	none	positive		medium	realism	naturalista	1852	1901	high	high	elite	66	short-stories	3.0	0.0	True	unknown	True	True	True	True	novela naturalista	novela realista	Drama			Naturalista				89371	514221	17	8	0	1154	465	1	19547	1178	16	0	0	0	0	5	0	536	689	3729	722	0	32577.25	15222.62	28310.5	21169.5	6638	13850	19610	15817	5251	5463	13821	17459	8965	31	303	157	1816	341	529	117	2914	182.23	169.38	135.0	188.75	2.87	2.86	2.0	3.0	107365					55	1500	158	657	1236	1249	729	4212	1280	601	797	2661	3908	112	210	819	264	1846	48	1434	792	582	43	169	74	98	1057	249	1194	708	297	46	902	710	139	241	287	32	1207	601	362	456	560	72040	742	1890	0	0	0	0	0	0	0	0	0	0	0	0	0	0	0	0	0	1	0	0	0	1	0	0	high
ne0136	ne0136	Azorin	DonaInes	1925	narrative	novela	sentimental	Spain	2479761.0	XX825215	male	Doña Inés	188305427	XX1873704	Azorín, José Martínez Ruiz 	historia de amor	restricted	sentimental,sentimental	novela		2017-01-09	#abbyy	html	historia	heterodiegetic	female	mixed	prose	book		Europe	Tres novelas sobre mitos literarios		Inés	mature	high	lord	realistic	mixed	mixed	mixed	mixed		contemporary	3650	none	negative	1840	medium	modernism	3-modernista	1873	1967	high	high		107	essay	2.0	0.0	True	mixed	True	True	True	True	novela romántica						historia	historia	bucólica	32967	188675	57	16	0	396	151	32	5777	466	50	0	0	1	0	5	0	192	245	2240	3788	1	3734.56	1144.47	3446.0	1502.75	1595	6057	8267	5469	1307	2115	4888	5665	2002	19	185	37	689	136	282	79	2033	92.82	70.6	75.0	64.0	1.44	1.22	1.0	1.0	37606					79	353	61	152	223	362	177	1603	326	401	195	786	1544	55	95	238	66	486	16	1248	315	101	63	169	60	19	612	99	352	339	237	3	259	162	46	25	63	11	453	149	243	159	298	24519	384	1920	0	0	0	0	0	0	0	0	0	0	0	0	0	0	0	0	0	0	0	0	0	0	0	0	high
ne0141	ne0141	WFFlorez	Volvoreta	1917	narrative	novela	sentimental	Spain	100256291.0	XX895627	male	Volvoreta		bimo0000861878	Wenceslao Fernández Flórez		restricted	bildungsroman,modernist,moralist,realist,sentimental	novela		2015-11-03	#epublibre	epub		heterodiegetic	male	rural	prose	book	13925	Europe			Sergio Abelenda	young	medium	journalist	realistic	Europe	Spain	mixed	Galicia	modernista	contemporary	365	medium	neutral		high	avantgarde	4-modernista	1881	1964	high	high		40	short-stories	1.0	0.0	True	Galicia	True	True	True	True	novela regional		Drama							54219	316872	24	11	0	1461	682	8	10959	1495	21	0	0	0	0	4	0	737	779	3413	624	0	14684.9	3184.75	14886.0	4368.0	2856	9257	12608	9293	2501	3049	8099	10464	3940	11	217	98	1374	216	335	82	2477	124.9	104.77	97.0	110.0	2.05	1.6	2.0	2.0	62393					167	827	154	339	540	801	323	1836	463	504	399	1164	2133	94	150	436	58	975	48	1417	530	295	56	170	54	98	1132	199	548	661	330	12	490	252	116	67	113	15	524	247	321	355	564	41790	626	1910	0	0	0	0	0	1	0	0	0	0	0	0	0	0	0	0	1	0	0	0	0	1	0	0	high
ne0144	ne0144	Pereda	Pedro	1883	narrative	novela	historical	Spain	54167127.0	XX982332	male	Pedro Sánchez	310225443	XX2126282	José María de Pereda		free	bildungsroman,memoir,realist,sentimental,social,historical	novela		2015-08-13	#bvmc	html		autodiegetic	male	big-city	prose	book		Europe	novela cortesana		Pedro Sánchez	young	medium	mixed	realistic	Europe	Spain	Madrid	Castilla	realista	contemporary	10080	none	negative		medium	realism	realista	1833	1906	high	high		55	theatre	5.0	0.0	True	Madrid	True	True	True	True	novela histórica	novela naturalista								110075	628067	36	0	0	1553	708	27	19811	1588	35	0	0	0	0	0	0	930	845	3875	1975	0	18196.91	5807.43	18782.0	10547.5	8915	17384	22573	17847	6492	6636	17889	18264	12355	52	438	91	1241	377	638	125	2752	234.84	219.25	175.0	218.0	3.39	3.38	2.0	3.0	128936					85	1790	291	808	1181	1719	771	4195	1393	718	592	2269	4334	76	288	835	150	2506	49	2203	695	519	58	136	62	128	1530	156	1680	793	379	66	1139	1072	263	219	244	48	1131	424	657	658	751	88956	916	1880	0	0	0	0	0	1	0	0	0	0	0	0	0	1	0	1	0	1	0	0	0	1	1	0	high
ne0145	ne0145	Pereda	Penas	1895	narrative	novela	realist	Spain	54167127.0	XX982332	male	Peñas arriba	189374962	XX2126283	José María de Pereda		free	memoir,realist	novela		2015-08-13	#bvmc	html		autodiegetic	male	rural	prose	book		Europe			Marcelo Ruiz de Bejos	adult	high	lord	realistic	Europe	Spain	Tablanca	Cantabria	realista	contemporary	365	none	positive		medium	realism	realista	1833	1906	high	high	elite	55	theatre	4.0	0.0	True	Cantabria	True	True	True	True	novela regionalista	novela caciquil	Drama, Realista	Literatura y ficción, Literatura y ficción						134891	751550	36	2	0	1415	620	2	22507	1452	34	0	0	0	0	1	0	844	795	4136	943	0	22284.18	6825.96	22968.5	7782.5	11457	21315	26887	21693	8461	7446	22789	20831	14983	51	562	184	1493	297	647	136	3069	251.59	230.8	197.0	215.0	3.47	3.16	3.0	4.0	156659					131	1718	281	877	1488	1429	803	5359	1439	883	858	2389	5014	127	384	737	136	3488	50	2519	774	489	124	321	95	82	1938	325	1652	1114	1070	66	1200	944	289	195	306	83	1405	463	795	649	1042	109842	1283	1890	0	0	0	0	0	0	0	0	0	0	0	0	0	0	0	1	0	0	0	0	0	1	1	1	high
ne0152	ne0152	Valera	Juanita	1896	narrative	novela	realist	Spain	46770556.0	XX918093	male	Juanita la Larga	219966757	XX2215431	Juan Valera		free	sentimental,realist	novela		2015-08-13	#bvmc	html		homodiegetic	female	rural	prose	book		Europe			Juana Gutiérrez (Juanita la larga)	young	low	worker	realistic	Europe	Spain	Villaalegre	Andalucía	realista	contemporary	365	medium	positive		medium	realism	realista	1824	1905	high	high		63	short-stories	3.0	0.0	True	Villaalegre	True	True	True	True	novela de evocación		Realista							72926	407708	49	40	0	1288	304	103	10056	1416	46	0	0	1	0	13	0	375	984	2882	1644	1	8941.96	2774.84	8942.0	4831.25	7276	9237	14282	13549	4459	3865	10386	9775	7703	103	392	96	1968	181	256	125	2554	161.23	118.84	132.5	138.0	2.66	2.04	2.0	3.0	81123					111	1301	141	825	798	711	441	3350	736	398	602	1680	2729	50	103	660	78	1782	20	1036	408	381	64	123	30	166	756	187	935	371	162	42	1001	422	166	152	225	10	779	545	405	280	493	54874	594	1890	0	0	0	0	0	0	0	0	0	0	0	0	0	0	0	0	0	0	0	0	0	1	0	0	high
ne0159	ne0159	Trigo	Jarrapellejos	1914	narrative	novela	realist	Spain	79060694.0	XX1051062	male	Jarrapellejos	176994003	XX2962019	Felipe Trigo	Vida arcaica, feliz e independiente de un español representativo	free	moralist,philosophical,social,realist	novela		2015-08-19	#bvmc	html		heterodiegetic	male	rural	prose	book		Europe	novelas de crítica social		Octavio Cidoncha	young	medium	?	realistic	Europe	Spain	La Joya	Extremadura	modernista	contemporary	365	none	negative		medium	modernism	2-modernista	1864	1916	high	high		13	short-stories	1.0	0.0	False	Extremadura	True	True	True	True	novela de crítica social	novela caciquil	Drama, Realista							110476	647730	20	29	0	1957	939	42	30156	2006	17	0	0	1	0	4	0	1051	1018	5691	1833	1	38288.06	13053.15	38795.0	14485.0	7761	17619	26255	17232	6033	6668	18398	26230	9496	162	757	547	2672	947	1019	264	4047	166.49	192.56	105.0	164.0	1.95	2.25	1.0	2.0	137158					129	1279	397	727	1045	1308	688	3551	1101	692	620	3491	4410	115	187	625	250	1972	50	2436	695	551	58	235	50	158	1536	525	1734	889	323	45	1193	824	242	176	214	33	1129	458	455	514	776	98416	855	1910	0	0	0	0	0	0	0	0	0	0	1	0	0	0	0	0	0	0	0	0	0	1	1	0	high
ne0185	ne0185	RPAyala	Tinieblas	1907	narrative	novela	sentimental	Spain	12320329.0	XX982844	male	Tinieblas en las cumbres			Ramón Pérez de Ayala	Historias de libertinaje. Virginibus puerisque. Novela póstuma de Plotino Cuevas	restricted	modernist,naturalist,philosophical,realist,social,sentimental	novela		2016-01-21	#archive	pdf	novela	homodiegetic	male	rural	prose	book		Europe	tetralogía autobiográfica		Alberto Díaz de Guzmán	young	medium	artist	realistic	Europe	Spain	Pinares	Asturias	modernista	contemporary	2	high	negative		medium	avantgarde	4-modernista	1880	1962	high	high	elite	41	short-stories	2.0	0.0	True	Asturias	True	True	True	True	novela autobiográfica			Literatura y ficción, Literatura y ficción ; Ensayos			novela	novela		72753	435696	34	27	76	1951	970	30	15469	2109	25	0	4	1	1	6	0	1054	981	4481	2521	1	17379.76	12711.16	12646.0	6462.0	4958	10676	16625	13041	3840	5612	8931	14077	5702	7	281	195	1674	204	270	53	3236	131.54	120.41	99.0	122.25	2.37	2.25	2.0	2.0	83945					112	1028	189	297	703	882	442	2355	689	365	451	1597	3391	82	278	565	156	1253	58	1441	483	307	46	205	78	72	1163	227	931	994	410	32	579	392	158	52	181	32	902	332	425	333	611	58011	649	1900	1	0	1	0	0	0	0	0	0	0	1	0	0	0	0	0	1	1	0	0	0	1	1	1	high
ne0209	ne0209	Valdes	Marta	1883	narrative	novela	realist	Spain	61554068.0	XX1035048	male	Marta y María	310215476	XX2118269	Armando Palacio Valdés	Novela de costumbres	free	sentimental,spiritual,realist	novela		2016-04-20	#gutenberg	html	novela de costumbres	heterodiegetic	female	small-city	prose	book	32364	Europe	primera etapa		María Elorza	young	medium	religious	realistic	Europe	Spain	Nieva	Asturias	realista	contemporary	365	none	positive	18??	medium	realism	naturalista	1853	1938	high	high		34	short-stories	1.0	1899.0	True	Nieva	True	True	True	True			Realista	 Antologías			novela de costumbres	novela de costumbres		90125	525431	20	34	0	1626	955	2	16734	1695	16	0	0	1	0	6	0	1020	671	4769	795	1	33198.44	7852.75	34697.0	9787.5	6224	14537	19316	16609	5360	5515	13498	14575	8772	29	295	216	1514	196	308	87	3151	170.03	138.16	136.0	128.0	2.62	2.54	2.0	2.0	104946					120	1384	154	874	804	1124	563	3504	1082	618	751	2512	3991	62	338	769	125	1963	58	2214	787	502	141	253	82	141	1534	308	1182	1138	438	47	978	572	188	82	312	17	1038	494	525	548	986	68729	913	1880	0	0	0	1	0	0	0	0	1	0	0	0	0	0	0	0	0	0	0	0	0	1	0	0	high
ne0241	ne0241	Baroja	Cesar	1910	narrative	novela	philosophical	Spain	36912891.0	XX842743	male	César o nada	178426423	XX1879778	Pío Baroja		restricted	historical,political-fiction,realist,social,philosophical	novela		2016-03-16	#epublibre	epub		homodiegetic	male	big-city	prose	book	1480	Europe	Las ciudades		César Moncada	adult	high	politician	realistic	Europe	Italy	Roma	Roma	modernista	contemporary	1825	none	negative		medium	modernism	3-modernista	1872	1956	high	high		117	essay	2.0	1912.0	True	Roma	True	True	True	True		novela caciquil	Aventuras, Intriga	Almacenamiento de datos externo, Ficción contemporánea; Ficción clásica, Ficción contemporánea; Ficción clásica, Ficción por género, Ficción contemporánea;						90048	520334	209	0	0	3654	2124	11	18564	3848	159	0	45	1	3	0	0	2414	1530	6192	2793	1	3434.65	1587.09	3184.0	2232.5	6335	14421	20391	16656	4503	5115	12764	18448	8356	48	472	228	2516	842	908	165	3965	133.54	99.48	109.0	109.0	2.57	2.23	2.0	2.0	107737					95	2257	176	555	1263	1184	344	4820	1005	609	749	2958	3708	64	154	695	349	1432	31	2346	646	313	58	183	65	173	1326	172	1057	486	361	31	862	900	271	170	236	30	895	323	481	343	602	72094	865	1910	0	1	0	0	0	0	0	0	0	0	1	0	0	1	0	0	0	0	0	0	0	1	1	1	high
ne0321	ne0321	Galdos	Fortunata1	1886	narrative	novela	realist	Spain	71395987.0	XX1014802	male	Fortunata y Jacinta	214026904	XX2127911	Benito Pérez Galdós	dos historias de casadas	free	historical,naturalist,sentimental,social,realist	novela		2015-02-10	#bvmc	html	historia	heterodiegetic	male	big-city	prose	book		Europe	período de interiorización de la realidad	Fortunata y Jacinta	Juan Santa Cruz Arnaiz (Juanito)	young	high	business owner	realistic	Europe	Spain	Madrid	Castilla	naturalista	contemporary	730	none	negative		medium	realism	realista	1843	1920	high	high		181	theatre	9.0	1889.0	True	Madrid	True	True	True	True	novela naturalista	novela naturalista	Drama, Realista	 Ficción clásica; Ficción clásica, Ficción contemporánea; Ficción clásica		Novela	historia	historia		105975	605445	66	4	0	1626	969	109	23867	1696	54	0	11	0	0	3	0	1216	657	6406	1916	0	11441.15	2637.88	11256.5	3687.75	8263	16041	22955	20103	6447	5451	14475	20510	11614	47	654	253	2223	570	786	147	4602	135.28	103.56	114.0	121.0	2.45	1.97	2.0	2.0	126813					104	1945	281	717	1288	1360	540	5090	1146	820	1047	2956	3800	117	109	838	204	2360	38	2500	1095	400	50	252	63	147	1620	291	1366	888	228	47	1059	764	327	242	272	33	1065	656	506	430	948	85816	987	1880	0	0	0	0	0	0	0	0	0	0	0	0	0	1	0	0	0	1	0	0	0	1	1	1	high
ne0324	ne0324	Galdos	Fortunata4	1887	narrative	novela	realist	Spain	71395987.0	XX1014802	male	Fortunata y Jacinta	214026904	XX2127911	Benito Pérez Galdós	dos historias de casadas	free	historical,naturalist,sentimental,social,realist	novela		2015-02-10	#bvmc	html	historia	heterodiegetic	male	big-city	prose	book		Europe	período de interiorización de la realidad	Fortunata y Jacinta	Juan Santa Cruz Arnaiz (Juanito)	young	high	business owner	realistic	Europe	Spain	Madrid	Castilla	naturalista	contemporary	730	none	negative		medium	realism	realista	1843	1920	high	high		181	theatre	9.0	1889.0	True	Madrid	True	True	True	True	novela naturalista	novela naturalista	Drama, Realista	 Ficción clásica; Ficción clásica, Ficción contemporánea; Ficción clásica		Novela	historia	historia		99420	556910	57	0	0	1590	986	20	26036	1647	50	0	6	0	0	0	0	1237	604	6815	1916	0	11378.96	1802.42	11581.5	2809.0	8437	13732	18778	21333	6623	4239	12588	21950	13982	55	334	343	1910	287	430	155	4667	123.39	97.79	99.0	115.0	2.52	2.13	2.0	2.0	122394					58	2137	195	635	1511	1134	600	5538	1198	670	1160	2662	3056	70	153	841	126	2253	40	1840	957	467	50	197	45	153	1768	228	1270	648	194	80	1173	477	341	151	329	23	887	673	314	442	869	83712	1068	1880	0	0	0	0	0	0	0	0	0	0	0	0	0	1	0	0	0	1	0	0	0	1	1	1	high
ne0325	ne0325	Clarin	Regenta1	1885	narrative	novela	realist	Spain	17218138.0	XX922976	male	La Regenta	183080784	XX3383561	Alas, Leopoldo		free	naturalist,sentimental,realist	novela		2015-08-13	#bvmc	html		heterodiegetic	female	small-city	prose	book		Europe	La Regenta		Ana Ozores	adult	high	housewife	realistic	Europe	Spain	Vetusta	Asturias	naturalista	contemporary	3	none	negative		medium	realism	naturalista	1852	1901	high	high	elite	66	short-stories	16.0	0.0	True	Oviedo	True	True	True	True	novela naturalista	novela caciquil	Drama	Ficción clásica, Ficción contemporánea; Ficción clásica	novela naturalista	Novela realista				145669	843188	18	49	0	3141	1568	15	30703	3208	15	0	0	1	0	17	0	1869	1573	8141	2169	1	55939.53	16752.83	53276.0	24434.0	9731	22811	32190	25733	8111	8068	20487	27443	13404	44	512	285	3183	1257	1085	307	6065	138.87	126.91	105.0	126.0	2.48	2.42	2.0	2.0	168821					181	2864	314	977	1941	1884	879	6747	1699	896	1110	4229	5660	142	318	1146	285	2816	80	3132	1356	617	114	388	69	204	1888	283	1932	1223	566	91	1502	920	411	211	302	57	1710	978	676	667	999	113221	1136	1880	0	0	0	0	0	0	0	0	0	0	0	0	0	0	0	0	0	1	0	0	0	1	1	1	high
ne0326	ne0326	Clarin	Regenta2	1885	narrative	novela	realist	Spain	17218138.0	XX922976	male	La Regenta	183080784	XX3383561	Alas, Leopoldo		free	naturalist,sentimental,realist	novela		2015-08-13	#bvmc	html		heterodiegetic	female	small-city	prose	book		Europe	La Regenta		Ana Ozores	adult	high	housewife	realistic	Europe	Spain	Vetusta	Asturias	naturalista	contemporary	820	none	partial negative		medium	realism	naturalista	1852	1901	high	high	elite	66	short-stories	16.0	0.0	True	Oviedo	True	True	True	True	novela naturalista	novela caciquil	Drama	Ficción clásica, Ficción contemporánea; Ficción clásica	novela naturalista	Novela realista				162622	936016	17	81	0	3373	1611	6	38778	3471	15	0	0	1	0	27	0	1826	1762	8549	2169	1	63914.4	17960.1	62061.0	30908.0	11382	25353	36517	30114	9321	9288	23917	32915	15920	103	478	381	4285	1363	1012	324	5944	162.59	158.47	118.0	161.0	2.89	2.89	2.0	3.0	195689					239	3225	292	1106	2222	2067	1328	7384	2201	1088	1242	3661	6611	174	508	1374	266	3254	82	3523	1530	1121	128	452	96	299	2560	336	2174	1313	797	77	1761	1013	448	142	420	41	1770	1146	681	981	1248	131790	1518	1880	0	0	0	0	0	0	0	0	0	0	0	0	0	0	0	0	0	1	0	0	0	1	1	1	high
ne0338	ne0338	Poncela	TourneeDios	1932	narrative	novela	comedy	Spain	76354919.0	XX1719708	male	"La ""tournée"" de Dios"		a5374213	Enrique Jardiel Poncela	Novela casi divina	restricted	fantastic,philosophical,social,comedy	novela		2018-02-19	#abbyy	html	novela casi divina	heterodiegetic	male	big-city	prose	book		Europe			Dios	adult	high	religious	non-realistic	Europe	Spain	Madrid	Castilla		contemporary	90	none	negative	1932	medium	avantgarde	vanguardista	1901	1952	high			49	theatre	0.5	0.0	True	Madrid	True	True	False	False							novela casi divina	novela casi divina		97945	588620	288	8	71	4283	1302	616	23434	4742	63	0	5	205	0	2	0	1431	2981	6628	1759	31	8769.14	6777.83	7148.0	6930.0	5523	13308	19911	14284	3928	4610	12118	19033	7202	148	849	218	2158	1206	996	757	4020	128.97	150.15	83.0	127.0	1.96	2.22	1.0	2.0	101134					74	1600	140	584	904	1606	443	3662	890	750	571	2424	3267	191	162	613	187	1398	74	1882	421	300	53	179	67	176	1155	251	1216	599	395	31	868	796	134	94	256	49	799	317	469	430	640	69088	929	1930	0	0	0	0	0	0	0	0	1	1	1	0	0	0	1	0	0	0	0	0	0	0	1	0	high
ne0356	ne0356	Serna	Quinta	1923	narrative	novela	sentimental	Spain	68929740.0	XX927011	male	La quinta de Palmyra		XX2499129	Ramón Gómez de la Serna		restricted	memoir,sentimental	novela		2017-12-07	#abbyy	html		heterodiegetic	female	big-city	prose	book		Europe	novelas de plenitud	Comienzos de la etapa de plenitud	Palmyra	adult	high	business owner	realistic	Europe	Portugal	Lisboa	Lisboa		contemporary		none	partial positive	18??	high	avantgarde	4-modernista	1888	1963	high	high		38	essay	1.0	1920.0	True	Lisboa	True	True	True	True	biografía sensorial									44313	254655	30	11	0	1724	439	2	7474	1766	29	0	0	0	0	1	0	487	1285	2553	2006	0	9089.24	2968.91	7874.0	3408.0	2770	7945	10010	8133	2074	2559	6822	6580	4244	11	94	31	457	113	216	59	1711	151.25	153.38	112.0	111.0	2.59	2.89	2.0	2.0	51273					170	532	156	293	496	481	282	2062	389	531	393	763	1807	36	150	307	109	781	35	1551	504	241	58	145	71	59	742	202	531	373	432	7	401	180	139	31	86	15	445	253	219	209	489	33625	490	1920	0	0	1	0	0	0	0	0	0	0	0	0	0	0	0	1	0	0	0	0	0	0	0	0	high
ne0373	ne0373	Hoyos	Monstruo	1915	narrative	novela	erotic	Spain	75550836.0	XX954380	male	El monstruo	58145663008605070616	XX2550634	Antonio de Hoyos y Vinent		restricted	crime-fiction,erotic	novela		2017-12-15	#epublibre	epub		heterodiegetic	female	big-city	prose	book	27362	Europe			Helena Fiorenzio	young	high	business owner	realistic	Europe	France	París	Isla de Francia		contemporary	?	none	negative	19??	high	avantgarde	4-modernista	1885	1940	high			2	short-stories	0.5	0.0	True	París	True	True	False	False	novela erótica		Drama	Política, Sociedad y ciencias sociales					bucólica	35488	215326	16	12	0	499	148	2	6520	537	9	0	2	2	0	1	0	170	351	1366	81	2	24133.67	10762.19	23088.0	16179.0	2562	5601	8878	5025	1382	3717	5667	6455	2218	5	91	37	457	141	159	65	1153	190.03	155.12	150.0	173.0	2.37	1.97	2.0	2.0	41638					89	255	51	136	235	378	267	1029	432	198	247	702	2337	61	106	305	173	446	43	912	265	243	29	169	31	75	488	165	469	585	190	8	231	165	34	18	147	22	613	154	183	257	383	27997	314	1910	0	0	0	0	0	0	0	1	0	0	0	0	0	0	0	0	0	0	0	0	0	0	1	0	high
ne0381	ne0381	Jarnes	LocuraNadie	1929	narrative	novela	philosophical	Spain	17339452.0	XX1126572	male	Locura y muerte de Nadie		XX2276605	Benjamín Jarnés	Novela	restricted	comedy,sentimental,philosophical	novela		2018-04-12	#abbyy	html	novela	heterodiegetic	male	small-city	prose	book		Europe			Juan Sánchez	adult	medium	?	realistic	Europe	Spain	Augusta	unknown		contemporary	120	none	negative	19??	medium	avantgarde	vanguardista	1888	1949	high	high	elite	16	essay	1.0	0.0	False	Spain	True	True	True	True							novela	novela		50029	302379	35	3	0	1534	804	61	12050	1566	21	0	0	7	0	1	0	930	730	4157	3456	7	14309.38	3387.71	13323.0	3539.0	2211	8312	11281	8895	2809	3505	7244	10906	4238	26	274	42	989	113	252	43	2964	101.5	91.61	79.0	88.0	1.69	1.54	1.0	1.0	59743					82	661	98	367	621	827	355	2031	617	447	300	1192	2373	91	122	352	141	1118	31	1091	387	223	41	139	62	74	910	107	609	499	213	15	591	406	111	72	127	24	701	273	196	303	438	39686	619	1920	0	0	0	0	0	0	0	0	0	0	1	0	0	0	1	0	0	0	0	0	0	0	0	0	high
ne0387	ne0387	Coloma	Jeromin	1905	narrative	novela	historical	Spain	59211037.0	XX843538	male	Jeromín	447145424576386831454	XX1932235	Luis Coloma	Estudios históricos sobre el siglo XVI	free	bildungsroman,realist,historical	novela		2018-04-04	#epublibre	epub	estudio	heterodiegetic	male	big-city	prose	book	37322	Europe			Juan de Austria (Jeromín)	child	high	lord	realistic	Europe	mixed	mixed	mixed		modern_times	10950	low	negative		medium	realism	naturalista	1851	1915	high			16	essay	1.0	0.0	True	Europe	True	True	True	True	relato histórico		Histórico	Ficción histórica, Literatura y ficción; Historia, Historia; Ficción, Europea, Antologías			estudio			147697	848533	93	35	0	1500	161	380	19274	1615	72	0	5	13	0	7	0	162	1339	3319	1398	13	11752.58	2522.11	11853.0	3085.75	11641	22458	35419	21030	6706	8201	24352	18000	10536	303	1078	31	4270	1021	2110	365	2888	296.15	231.51	243.0	184.0	3.27	3.08	3.0	3.0	159755					91	1987	129	972	1036	1780	1043	4457	1276	1119	706	5726	5652	90	240	1221	275	3134	55	2965	520	557	51	289	65	211	2016	413	2327	967	362	93	1553	1168	201	272	335	48	1469	517	1088	701	982	108544	1052	1900	0	0	0	0	0	1	0	0	0	0	0	0	0	1	0	0	0	0	0	0	0	1	0	1	high
ne0392	ne0392	RPAyala	LunaHiel	1923	narrative	novela	sentimental	Spain	12320329.0	XX982844	male	Luna de miel, luna de hiel	178727822	XX2008597	Ramón Pérez de Ayala		restricted	bildungsroman,social,sentimental	novela		2017-12-15	#abbyy	html	novela	heterodiegetic	male	?	prose	book		Europe	Obras de la última etapa	Las novelas de Urbano y Simona	Urbano	young	medium	student	realistic	Europe	Spain	?	?		contemporary	730	none	positive	192?	medium	avantgarde	4-modernista	1880	1962	high	high		41	short-stories	1.0	0.0	True	Spain	True	True	True	True	novela normativa						novela	novela		59757	351634	10	0	0	1053	652	24	13769	1057	5	0	3	0	0	0	0	785	401	4215	3183	0	67036.6	37278.31	61620.0	39501.0	4026	8126	12822	10614	3175	3384	7644	12794	5592	30	256	121	1558	222	443	73	3421	98.92	89.11	75.0	91.0	1.69	1.54	1.0	1.0	68584					70	991	123	438	710	568	375	2715	655	423	486	1844	2102	62	100	477	114	1060	32	886	390	332	34	146	26	72	741	151	686	558	188	34	565	247	139	139	168	14	588	446	192	245	510	47261	481	1920	0	0	0	0	0	1	0	0	0	0	0	0	0	0	0	0	0	0	0	0	0	0	1	0	high
ne0401	ne0401	Verdaguer	IntelectualCarcoma	1934	narrative	novela	philosophical	Spain	32795004.0	XX1082221	male	Un intelectual y su carcoma		XX2904211	Mario Verdaguer		restricted	vanguardist,philosophical	novela		2018-02-16	#abbyy	html		autodiegetic	male	?	prose	book		Europe			?	adult	medium	artist	realistic	Europe	Spain	?	?		contemporary	365	none	partial negative	19??	medium	avantgarde	vanguardista	1885	1963	high	high		5	essay	1.0	0.0	False	Spain	True	True	True	True	novela vanguardista									53667	312085	26	0	0	852	249	10	9088	877	19	0	0	0	0	0	0	320	603	2959	1868	0	16534.11	8741.71	14979.0	7276.5	3432	9068	11218	9793	2485	4354	7623	9077	5433	2	118	24	386	32	196	21	2578	122.92	124.23	86.0	112.0	2.13	2.04	2.0	2.0	62627					52	698	104	349	574	752	349	2253	766	307	424	847	3287	38	193	452	109	927	25	1577	684	481	64	209	78	82	876	216	603	905	201	21	552	172	69	75	216	2	804	332	259	161	707	40088	687	1930	0	0	0	0	0	0	0	0	0	0	1	0	0	0	0	0	0	0	0	0	0	0	0	0	high
